Location,Year,Age,Sex,Cause of death or injury,Measure,Value,Lower bound,Upper bound
China,1990,All ages,Both,All causes,"DALYs per 100,000",35027.18619,32619.75117,37686.87701
China,1991,All ages,Both,All causes,"DALYs per 100,000",34331.13798,32080.65182,36564.86009
China,1992,All ages,Both,All causes,"DALYs per 100,000",33641.10994,31385.78052,35843.46449
China,1993,All ages,Both,All causes,"DALYs per 100,000",32981.87653,30718.68354,35138.15352
China,1994,All ages,Both,All causes,"DALYs per 100,000",32332.33071,30071.38923,34450.44899
China,1995,All ages,Both,All causes,"DALYs per 100,000",31708.29803,29298.34348,34216.67411
China,1996,All ages,Both,All causes,"DALYs per 100,000",31128.91894,28925.31031,33223.19066
China,1997,All ages,Both,All causes,"DALYs per 100,000",30614.37486,28411.37382,32642.90954
China,1998,All ages,Both,All causes,"DALYs per 100,000",30094.0654,27811.02142,32113.5239
China,1999,All ages,Both,All causes,"DALYs per 100,000",29578.88595,27265.21,31616.3773
China,2000,All ages,Both,All causes,"DALYs per 100,000",29183.8246,26850.48434,31788.67437
China,2001,All ages,Both,All causes,"DALYs per 100,000",28949.12985,26570.16144,31089.92933
China,2002,All ages,Both,All causes,"DALYs per 100,000",28706.87213,26333.64163,30916.23319
China,2003,All ages,Both,All causes,"DALYs per 100,000",28041.81938,25643.0093,30275.41409
China,2004,All ages,Both,All causes,"DALYs per 100,000",27588.54695,25143.22102,29824.41967
China,2005,All ages,Both,All causes,"DALYs per 100,000",27222.8732,24747.84069,29974.1467
China,2006,All ages,Both,All causes,"DALYs per 100,000",26756.54165,24241.5032,29526.3122
China,2007,All ages,Both,All causes,"DALYs per 100,000",26470.39833,23837.80917,28798.23921
China,2008,All ages,Both,All causes,"DALYs per 100,000",26631.07528,23965.26047,29120.85975
China,2009,All ages,Both,All causes,"DALYs per 100,000",26179.92739,23491.07746,28687.81726
China,2010,All ages,Both,All causes,"DALYs per 100,000",26059.50915,23498.50322,28849.2697
China,2011,All ages,Both,All causes,"DALYs per 100,000",25809.52872,23060.09322,28364.4718
China,2012,All ages,Both,All causes,"DALYs per 100,000",25605.2055,22814.48021,28137.15911
China,2013,All ages,Both,All causes,"DALYs per 100,000",25574.78254,22696.1289,28088.17752
China,2014,All ages,Both,All causes,"DALYs per 100,000",25684.76027,22744.10548,28220.04727
China,2015,All ages,Both,All causes,"DALYs per 100,000",25581.45898,22617.39777,28151.62547
China,2016,All ages,Both,All causes,"DALYs per 100,000",25431.46631,22837.55249,28371.56271
Indonesia,1990,All ages,Both,All causes,"DALYs per 100,000",44820.24535,42230.18837,47646.37231
Indonesia,1991,All ages,Both,All causes,"DALYs per 100,000",43482.92248,41049.52553,46176.14965
Indonesia,1992,All ages,Both,All causes,"DALYs per 100,000",42313.92082,39851.1347,45000.97225
Indonesia,1993,All ages,Both,All causes,"DALYs per 100,000",41252.52533,38750.22431,43921.20025
Indonesia,1994,All ages,Both,All causes,"DALYs per 100,000",40141.87876,37645.30784,42785.61828
Indonesia,1995,All ages,Both,All causes,"DALYs per 100,000",39112.15655,36714.32344,41782.35052
Indonesia,1996,All ages,Both,All causes,"DALYs per 100,000",38132.09013,35556.28531,40665.65551
Indonesia,1997,All ages,Both,All causes,"DALYs per 100,000",37322.05458,34718.57371,39803.66528
Indonesia,1998,All ages,Both,All causes,"DALYs per 100,000",36724.79468,34098.15759,39148.74647
Indonesia,1999,All ages,Both,All causes,"DALYs per 100,000",36288.11082,33703.83771,38706.70006
Indonesia,2000,All ages,Both,All causes,"DALYs per 100,000",35791.62871,33297.88544,38566.98209
Indonesia,2001,All ages,Both,All causes,"DALYs per 100,000",35116.4411,32617.34993,37562.29354
Indonesia,2002,All ages,Both,All causes,"DALYs per 100,000",34544.54207,32121.84153,36965.7891
Indonesia,2003,All ages,Both,All causes,"DALYs per 100,000",33973.36848,31621.89646,36398.51328
Indonesia,2004,All ages,Both,All causes,"DALYs per 100,000",37511.39745,34797.29948,40379.88839
Indonesia,2005,All ages,Both,All causes,"DALYs per 100,000",32920.80516,30432.40179,35767.93661
Indonesia,2006,All ages,Both,All causes,"DALYs per 100,000",32525.9876,30013.74183,35398.71083
Indonesia,2007,All ages,Both,All causes,"DALYs per 100,000",32097.49033,29923.06914,34597.87356
Indonesia,2008,All ages,Both,All causes,"DALYs per 100,000",31662.48151,29543.31981,34107.41169
Indonesia,2009,All ages,Both,All causes,"DALYs per 100,000",31219.93768,29103.95228,33625.46214
Indonesia,2010,All ages,Both,All causes,"DALYs per 100,000",30685.06887,28099.10836,33484.87521
Indonesia,2011,All ages,Both,All causes,"DALYs per 100,000",30138.58843,28059.23954,32542.06327
Indonesia,2012,All ages,Both,All causes,"DALYs per 100,000",29641.60046,27554.13409,32055.17832
Indonesia,2013,All ages,Both,All causes,"DALYs per 100,000",29206.65634,27126.49724,31618.62562
Indonesia,2014,All ages,Both,All causes,"DALYs per 100,000",28826.37935,26746.32705,31247.66932
Indonesia,2015,All ages,Both,All causes,"DALYs per 100,000",28485.80286,26422.50327,30943.85893
Indonesia,2016,All ages,Both,All causes,"DALYs per 100,000",28200.20088,25524.43666,31104.15163
Fiji,1990,All ages,Both,All causes,"DALYs per 100,000",33707.20011,28534.24184,39382.94137
Fiji,1991,All ages,Both,All causes,"DALYs per 100,000",33846.96713,29088.29249,39558.055
Fiji,1992,All ages,Both,All causes,"DALYs per 100,000",34077.72418,29033.60193,39416.77702
Fiji,1993,All ages,Both,All causes,"DALYs per 100,000",34758.90167,29892.02312,40400.8634
Fiji,1994,All ages,Both,All causes,"DALYs per 100,000",35067.92658,30760.1964,40777.79018
Fiji,1995,All ages,Both,All causes,"DALYs per 100,000",35555.16422,31044.14323,40772.8123
Fiji,1996,All ages,Both,All causes,"DALYs per 100,000",36044.92871,31062.52729,39615.23853
Fiji,1997,All ages,Both,All causes,"DALYs per 100,000",36711.52509,31891.76905,40195.06186
Fiji,1998,All ages,Both,All causes,"DALYs per 100,000",36804.70208,32029.78081,40105.71717
Fiji,1999,All ages,Both,All causes,"DALYs per 100,000",37212.57488,33085.22737,40890.69119
Fiji,2000,All ages,Both,All causes,"DALYs per 100,000",37079.8894,33098.04176,41511.17296
Fiji,2001,All ages,Both,All causes,"DALYs per 100,000",37160.8702,33002.75045,41470.97265
Fiji,2002,All ages,Both,All causes,"DALYs per 100,000",37336.63129,32830.43242,42235.31389
Fiji,2003,All ages,Both,All causes,"DALYs per 100,000",37733.16905,33234.18172,42252.19805
Fiji,2004,All ages,Both,All causes,"DALYs per 100,000",38116.33462,33292.92104,42299.36893
Fiji,2005,All ages,Both,All causes,"DALYs per 100,000",38575.04969,34109.09022,43206.81177
Fiji,2006,All ages,Both,All causes,"DALYs per 100,000",38744.01667,34540.14647,43226.36454
Fiji,2007,All ages,Both,All causes,"DALYs per 100,000",38860.62966,34682.20931,42962.83163
Fiji,2008,All ages,Both,All causes,"DALYs per 100,000",38948.61176,34472.35591,43496.57913
Fiji,2009,All ages,Both,All causes,"DALYs per 100,000",38972.67866,34345.12313,44371.28241
Fiji,2010,All ages,Both,All causes,"DALYs per 100,000",38672.17576,34008.09151,43546.32827
Fiji,2011,All ages,Both,All causes,"DALYs per 100,000",38524.3641,33802.03254,43095.70282
Fiji,2012,All ages,Both,All causes,"DALYs per 100,000",38912.19978,33887.9785,43887.05174
Fiji,2013,All ages,Both,All causes,"DALYs per 100,000",39115.57516,33225.35204,45875.47406
Fiji,2014,All ages,Both,All causes,"DALYs per 100,000",39458.2777,33304.08868,45955.81693
Fiji,2015,All ages,Both,All causes,"DALYs per 100,000",39803.21338,33966.95061,46593.78568
Fiji,2016,All ages,Both,All causes,"DALYs per 100,000",40165.83578,33476.26909,47167.08121
Kazakhstan,1990,All ages,Both,All causes,"DALYs per 100,000",36637.41437,33168.17151,40393.48543
Kazakhstan,1991,All ages,Both,All causes,"DALYs per 100,000",37204.8946,34163.35305,41048.11513
Kazakhstan,1992,All ages,Both,All causes,"DALYs per 100,000",38195.24999,34981.40042,41856.12215
Kazakhstan,1993,All ages,Both,All causes,"DALYs per 100,000",39650.79113,36149.99505,43134.0566
Kazakhstan,1994,All ages,Both,All causes,"DALYs per 100,000",41396.19803,37336.61157,45516.43225
Kazakhstan,1995,All ages,Both,All causes,"DALYs per 100,000",43041.13221,39106.08569,47005.3498
Kazakhstan,1996,All ages,Both,All causes,"DALYs per 100,000",43555.35579,39319.47158,47615.97966
Kazakhstan,1997,All ages,Both,All causes,"DALYs per 100,000",43524.75697,39695.36777,47571.09261
Kazakhstan,1998,All ages,Both,All causes,"DALYs per 100,000",43225.15014,39620.24709,47310.53854
Kazakhstan,1999,All ages,Both,All causes,"DALYs per 100,000",42972.81431,39254.23334,46359.49746
Kazakhstan,2000,All ages,Both,All causes,"DALYs per 100,000",42948.26521,38928.31129,47153.07009
Kazakhstan,2001,All ages,Both,All causes,"DALYs per 100,000",42874.87689,38642.87432,45926.97128
Kazakhstan,2002,All ages,Both,All causes,"DALYs per 100,000",42924.30579,39058.42758,45701.92551
Kazakhstan,2003,All ages,Both,All causes,"DALYs per 100,000",43208.91273,39410.12613,46863.6708
Kazakhstan,2004,All ages,Both,All causes,"DALYs per 100,000",43656.90378,39468.15759,47552.96542
Kazakhstan,2005,All ages,Both,All causes,"DALYs per 100,000",43964.73829,39714.85615,48454.40921
Kazakhstan,2006,All ages,Both,All causes,"DALYs per 100,000",43536.51325,39353.79414,47969.90318
Kazakhstan,2007,All ages,Both,All causes,"DALYs per 100,000",42111.55997,37960.01645,46091.92567
Kazakhstan,2008,All ages,Both,All causes,"DALYs per 100,000",40158.07701,36693.96978,44094.12372
Kazakhstan,2009,All ages,Both,All causes,"DALYs per 100,000",38333.55276,34872.90831,41500.37999
Kazakhstan,2010,All ages,Both,All causes,"DALYs per 100,000",36934.10281,33356.90328,40691.86987
Kazakhstan,2011,All ages,Both,All causes,"DALYs per 100,000",35772.10635,32519.00835,39740.16707
Kazakhstan,2012,All ages,Both,All causes,"DALYs per 100,000",34598.81636,31529.4986,38270.39286
Kazakhstan,2013,All ages,Both,All causes,"DALYs per 100,000",33258.63771,30349.06153,36869.3517
Kazakhstan,2014,All ages,Both,All causes,"DALYs per 100,000",32022.69181,28962.99829,35021.98219
Kazakhstan,2015,All ages,Both,All causes,"DALYs per 100,000",31253.50674,27949.81814,35218.99063
Kazakhstan,2016,All ages,Both,All causes,"DALYs per 100,000",31178.0507,26995.67725,35970.91312
Poland,1990,All ages,Both,All causes,"DALYs per 100,000",34634.74799,31553.9303,38045.58539
Poland,1991,All ages,Both,All causes,"DALYs per 100,000",35182.86204,32056.1706,38213.14149
Poland,1992,All ages,Both,All causes,"DALYs per 100,000",34520.42759,31426.01627,37431.54693
Poland,1993,All ages,Both,All causes,"DALYs per 100,000",33634.96319,30630.90477,36454.10268
Poland,1994,All ages,Both,All causes,"DALYs per 100,000",33738.39082,30828.66248,36446.34806
Poland,1995,All ages,Both,All causes,"DALYs per 100,000",33600.99913,30461.70836,36993.99156
Poland,1996,All ages,Both,All causes,"DALYs per 100,000",33044.17758,30033.82382,36069.4497
Poland,1997,All ages,Both,All causes,"DALYs per 100,000",32817.77689,29721.9773,35883.07229
Poland,1998,All ages,Both,All causes,"DALYs per 100,000",32480.64687,29412.03534,35410.15925
Poland,1999,All ages,Both,All causes,"DALYs per 100,000",32593.766,29590.63517,35712.90171
Poland,2000,All ages,Both,All causes,"DALYs per 100,000",31747.14467,28607.86689,35262.88919
Poland,2001,All ages,Both,All causes,"DALYs per 100,000",31313.80639,28301.00447,34356.32847
Poland,2002,All ages,Both,All causes,"DALYs per 100,000",31063.47332,28001.4179,34086.54825
Poland,2003,All ages,Both,All causes,"DALYs per 100,000",30970.97657,28031.2198,34073.38527
Poland,2004,All ages,Both,All causes,"DALYs per 100,000",31210.69782,28326.66019,34315.82004
Poland,2005,All ages,Both,All causes,"DALYs per 100,000",31327.9295,28094.16308,34971.75307
Poland,2006,All ages,Both,All causes,"DALYs per 100,000",31594.40219,28351.95462,35250.80152
Poland,2007,All ages,Both,All causes,"DALYs per 100,000",31993.65006,28762.79122,35375.04472
Poland,2008,All ages,Both,All causes,"DALYs per 100,000",32016.60956,28795.1224,35480.90812
Poland,2009,All ages,Both,All causes,"DALYs per 100,000",31936.93059,28777.70483,35268.46421
Poland,2010,All ages,Both,All causes,"DALYs per 100,000",31408.98612,28166.66053,35123.97761
Poland,2011,All ages,Both,All causes,"DALYs per 100,000",31455.24685,28295.78284,34600.09819
Poland,2012,All ages,Both,All causes,"DALYs per 100,000",31526.12822,28331.47479,34801.28239
Poland,2013,All ages,Both,All causes,"DALYs per 100,000",31287.06594,28148.36972,34630.36121
Poland,2014,All ages,Both,All causes,"DALYs per 100,000",30786.48059,27541.77906,34199.30783
Poland,2015,All ages,Both,All causes,"DALYs per 100,000",30807.44289,27548.91802,34175.0035
Poland,2016,All ages,Both,All causes,"DALYs per 100,000",30660.12914,26818.19636,34672.26392
Ukraine,1990,All ages,Both,All causes,"DALYs per 100,000",40253.39061,36789.53669,44083.76347
Ukraine,1991,All ages,Both,All causes,"DALYs per 100,000",41638.88934,38679.77656,44777.15346
Ukraine,1992,All ages,Both,All causes,"DALYs per 100,000",43031.21596,39917.4044,46181.82268
Ukraine,1993,All ages,Both,All causes,"DALYs per 100,000",44301.22675,40229.32319,47550.8743
Ukraine,1994,All ages,Both,All causes,"DALYs per 100,000",46063.28187,42053.97995,49791.92667
Ukraine,1995,All ages,Both,All causes,"DALYs per 100,000",48725.49998,44871.21994,52799.59864
Ukraine,1996,All ages,Both,All causes,"DALYs per 100,000",48326.70102,44673.45723,52300.02909
Ukraine,1997,All ages,Both,All causes,"DALYs per 100,000",46993.65091,43585.4376,51020.90722
Ukraine,1998,All ages,Both,All causes,"DALYs per 100,000",45288.1226,41405.76498,49413.62527
Ukraine,1999,All ages,Both,All causes,"DALYs per 100,000",46593.90171,43039.88107,49872.93754
Ukraine,2000,All ages,Both,All causes,"DALYs per 100,000",47847.53662,43931.3391,52021.0087
Ukraine,2001,All ages,Both,All causes,"DALYs per 100,000",47688.08627,43727.19588,51684.36782
Ukraine,2002,All ages,Both,All causes,"DALYs per 100,000",47947.67589,43736.62515,51882.16273
Ukraine,2003,All ages,Both,All causes,"DALYs per 100,000",48429.22009,44443.54544,52710.88497
Ukraine,2004,All ages,Both,All causes,"DALYs per 100,000",49306.52662,45914.50787,53134.83696
Ukraine,2005,All ages,Both,All causes,"DALYs per 100,000",50742.54992,46985.05321,54886.46075
Ukraine,2006,All ages,Both,All causes,"DALYs per 100,000",49291.95652,45376.88855,53386.33456
Ukraine,2007,All ages,Both,All causes,"DALYs per 100,000",50352.4656,45931.65556,53926.57561
Ukraine,2008,All ages,Both,All causes,"DALYs per 100,000",50039.66612,46388.91675,53818.50367
Ukraine,2009,All ages,Both,All causes,"DALYs per 100,000",45959.20615,42367.33613,49342.2732
Ukraine,2010,All ages,Both,All causes,"DALYs per 100,000",44057.29862,40441.50531,48251.6775
Ukraine,2011,All ages,Both,All causes,"DALYs per 100,000",42736.83989,38869.66875,46222.59222
Ukraine,2012,All ages,Both,All causes,"DALYs per 100,000",42992.04555,39560.96475,46288.24172
Ukraine,2013,All ages,Both,All causes,"DALYs per 100,000",42859.46978,39066.21949,46511.26574
Ukraine,2014,All ages,Both,All causes,"DALYs per 100,000",42002.26502,38518.46223,45912.88474
Ukraine,2015,All ages,Both,All causes,"DALYs per 100,000",41947.25063,37046.78999,47449.75216
Ukraine,2016,All ages,Both,All causes,"DALYs per 100,000",42117.38774,35402.49522,50181.91905
Japan,1990,All ages,Both,All causes,"DALYs per 100,000",23453.57428,20646.25346,26641.14321
Japan,1991,All ages,Both,All causes,"DALYs per 100,000",23594.8806,20791.80523,26353.83359
Japan,1992,All ages,Both,All causes,"DALYs per 100,000",23798.13492,20964.48638,26583.47484
Japan,1993,All ages,Both,All causes,"DALYs per 100,000",23979.97446,21123.84423,26779.74992
Japan,1994,All ages,Both,All causes,"DALYs per 100,000",24078.80769,21201.48332,26912.77963
Japan,1995,All ages,Both,All causes,"DALYs per 100,000",24459.01035,21573.42901,27810.54713
Japan,1996,All ages,Both,All causes,"DALYs per 100,000",24300.04219,21376.11035,27174.11692
Japan,1997,All ages,Both,All causes,"DALYs per 100,000",24426.81458,21507.81714,27295.5701
Japan,1998,All ages,Both,All causes,"DALYs per 100,000",24630.82027,21700.41457,27510.95624
Japan,1999,All ages,Both,All causes,"DALYs per 100,000",24801.29043,21846.60288,27717.29739
Japan,2000,All ages,Both,All causes,"DALYs per 100,000",24839.38537,21791.60746,28254.08703
Japan,2001,All ages,Both,All causes,"DALYs per 100,000",24895.25521,21924.79855,27883.84453
Japan,2002,All ages,Both,All causes,"DALYs per 100,000",24975.74333,21990.11657,27988.44621
Japan,2003,All ages,Both,All causes,"DALYs per 100,000",25114.09059,22074.98257,28142.12138
Japan,2004,All ages,Both,All causes,"DALYs per 100,000",25261.07376,22181.80889,28307.42144
Japan,2005,All ages,Both,All causes,"DALYs per 100,000",25482.28985,22354.81371,29072.50593
Japan,2006,All ages,Both,All causes,"DALYs per 100,000",25593.13696,22425.8516,29244.07011
Japan,2007,All ages,Both,All causes,"DALYs per 100,000",25741.67582,22544.10624,28883.12832
Japan,2008,All ages,Both,All causes,"DALYs per 100,000",25899.6768,22699.59431,29051.1893
Japan,2009,All ages,Both,All causes,"DALYs per 100,000",25997.41729,22760.41955,29183.2864
Japan,2010,All ages,Both,All causes,"DALYs per 100,000",26165.448,22889.16316,29878.45687
Japan,2011,All ages,Both,All causes,"DALYs per 100,000",26780.34044,23464.56609,29933.82461
Japan,2012,All ages,Both,All causes,"DALYs per 100,000",26346.25541,23000.20053,29623.73656
Japan,2013,All ages,Both,All causes,"DALYs per 100,000",26388.24582,23036.98653,29682.56512
Japan,2014,All ages,Both,All causes,"DALYs per 100,000",26372.80964,23065.2379,29654.41417
Japan,2015,All ages,Both,All causes,"DALYs per 100,000",26502.25972,23207.9591,29767.52217
Japan,2016,All ages,Both,All causes,"DALYs per 100,000",26660.2244,23217.758,30569.5404
Australia,1990,All ages,Both,All causes,"DALYs per 100,000",25662.12509,22620.80042,28996.85143
Australia,1991,All ages,Both,All causes,"DALYs per 100,000",25325.81749,22181.11493,28333.66156
Australia,1992,All ages,Both,All causes,"DALYs per 100,000",25199.44149,21959.76988,28249.82051
Australia,1993,All ages,Both,All causes,"DALYs per 100,000",25006.53119,21755.87497,28067.97431
Australia,1994,All ages,Both,All causes,"DALYs per 100,000",24949.55469,21677.95782,27953.80304
Australia,1995,All ages,Both,All causes,"DALYs per 100,000",24833.21829,21857.44591,28229.10358
Australia,1996,All ages,Both,All causes,"DALYs per 100,000",24694.72534,21489.32787,27735.38928
Australia,1997,All ages,Both,All causes,"DALYs per 100,000",24468.81009,21240.26742,27513.92967
Australia,1998,All ages,Both,All causes,"DALYs per 100,000",24246.81507,21041.83399,27336.23424
Australia,1999,All ages,Both,All causes,"DALYs per 100,000",24040.44055,20836.60046,27126.78327
Australia,2000,All ages,Both,All causes,"DALYs per 100,000",23800.63792,20739.12491,27260.69263
Australia,2001,All ages,Both,All causes,"DALYs per 100,000",23582.35874,20421.66034,26634.33119
Australia,2002,All ages,Both,All causes,"DALYs per 100,000",23438.18413,20307.666,26518.22298
Australia,2003,All ages,Both,All causes,"DALYs per 100,000",23239.8718,20128.80938,26368.84655
Australia,2004,All ages,Both,All causes,"DALYs per 100,000",23081.7592,19985.56168,26223.80189
Australia,2005,All ages,Both,All causes,"DALYs per 100,000",22936.27969,19772.4991,26504.50091
Australia,2006,All ages,Both,All causes,"DALYs per 100,000",22887.96922,19731.605,26482.70913
Australia,2007,All ages,Both,All causes,"DALYs per 100,000",22848.48543,19704.71059,25926.16734
Australia,2008,All ages,Both,All causes,"DALYs per 100,000",22786.49027,19636.01949,25808.87152
Australia,2009,All ages,Both,All causes,"DALYs per 100,000",22682.60476,19543.7366,25730.35201
Australia,2010,All ages,Both,All causes,"DALYs per 100,000",22607.55366,19402.76538,26143.29078
Australia,2011,All ages,Both,All causes,"DALYs per 100,000",22505.10268,19332.15317,25657.39479
Australia,2012,All ages,Both,All causes,"DALYs per 100,000",22373.97278,19217.74656,25563.04604
Australia,2013,All ages,Both,All causes,"DALYs per 100,000",22265.00011,19075.33777,25543.05269
Australia,2014,All ages,Both,All causes,"DALYs per 100,000",22293.31775,19178.20079,25543.7958
Australia,2015,All ages,Both,All causes,"DALYs per 100,000",22392.29897,19372.56228,25707.31438
Australia,2016,All ages,Both,All causes,"DALYs per 100,000",22504.96594,19417.84322,25980.62835
Germany,1990,All ages,Both,All causes,"DALYs per 100,000",32771.2091,29434.37367,36454.23063
Germany,1991,All ages,Both,All causes,"DALYs per 100,000",32406.89637,29003.66735,35604.88625
Germany,1992,All ages,Both,All causes,"DALYs per 100,000",31950.45192,28605.22707,35172.39413
Germany,1993,All ages,Both,All causes,"DALYs per 100,000",31716.74948,28481.40785,34933.73847
Germany,1994,All ages,Both,All causes,"DALYs per 100,000",31483.41948,28251.35255,34867.89448
Germany,1995,All ages,Both,All causes,"DALYs per 100,000",31278.98536,27797.36432,35100.58555
Germany,1996,All ages,Both,All causes,"DALYs per 100,000",31009.63526,27816.10787,34460.2874
Germany,1997,All ages,Both,All causes,"DALYs per 100,000",30655.04097,27379.02007,34059.86133
Germany,1998,All ages,Both,All causes,"DALYs per 100,000",30362.52609,27032.16109,33853.90344
Germany,1999,All ages,Both,All causes,"DALYs per 100,000",30107.72557,26724.42463,33602.91929
Germany,2000,All ages,Both,All causes,"DALYs per 100,000",29886.94322,26416.76901,33757.90154
Germany,2001,All ages,Both,All causes,"DALYs per 100,000",29687.88329,26261.8394,33070.9639
Germany,2002,All ages,Both,All causes,"DALYs per 100,000",29559.96225,26079.2616,32946.64436
Germany,2003,All ages,Both,All causes,"DALYs per 100,000",29447.05914,25944.84354,32809.03078
Germany,2004,All ages,Both,All causes,"DALYs per 100,000",29262.73787,25701.89641,32502.61392
Germany,2005,All ages,Both,All causes,"DALYs per 100,000",29214.66331,25728.03207,32906.8591
Germany,2006,All ages,Both,All causes,"DALYs per 100,000",29148.90934,25618.24768,32914.50267
Germany,2007,All ages,Both,All causes,"DALYs per 100,000",29154.87556,25564.57383,32354.56033
Germany,2008,All ages,Both,All causes,"DALYs per 100,000",29167.27525,25536.76255,32430.91522
Germany,2009,All ages,Both,All causes,"DALYs per 100,000",29250.15308,25543.94819,32591.9112
Germany,2010,All ages,Both,All causes,"DALYs per 100,000",29289.48353,25699.13138,33277.7205
Germany,2011,All ages,Both,All causes,"DALYs per 100,000",29288.65599,25456.97739,32842.47274
Germany,2012,All ages,Both,All causes,"DALYs per 100,000",29294.33558,25312.61999,32920.84691
Germany,2013,All ages,Both,All causes,"DALYs per 100,000",29336.78762,25286.79065,33002.80318
Germany,2014,All ages,Both,All causes,"DALYs per 100,000",29231.00422,25082.8196,32967.90054
Germany,2015,All ages,Both,All causes,"DALYs per 100,000",29344.90653,25282.97171,33208.72237
Germany,2016,All ages,Both,All causes,"DALYs per 100,000",29458.12314,25575.48692,33803.11197
Argentina,1990,All ages,Both,All causes,"DALYs per 100,000",31325.1599,28571.03817,34434.6859
Argentina,1991,All ages,Both,All causes,"DALYs per 100,000",30997.92193,28383.82698,33832.93641
Argentina,1992,All ages,Both,All causes,"DALYs per 100,000",30736.28365,27968.53439,33663.01284
Argentina,1993,All ages,Both,All causes,"DALYs per 100,000",30355.66605,27640.26826,33219.59726
Argentina,1994,All ages,Both,All causes,"DALYs per 100,000",29944.05798,27257.3852,32730.97333
Argentina,1995,All ages,Both,All causes,"DALYs per 100,000",29778.29538,26967.69448,32864.81878
Argentina,1996,All ages,Both,All causes,"DALYs per 100,000",29613.31612,26909.8471,32324.58595
Argentina,1997,All ages,Both,All causes,"DALYs per 100,000",29443.61512,26500.34207,32284.27535
Argentina,1998,All ages,Both,All causes,"DALYs per 100,000",29195.7994,26164.01077,32118.52182
Argentina,1999,All ages,Both,All causes,"DALYs per 100,000",28881.97335,26004.39552,31717.71463
Argentina,2000,All ages,Both,All causes,"DALYs per 100,000",28480.30289,25768.39579,31566.89288
Argentina,2001,All ages,Both,All causes,"DALYs per 100,000",28200.83059,25424.84643,30900.96098
Argentina,2002,All ages,Both,All causes,"DALYs per 100,000",28037.10475,25205.45133,30826.82894
Argentina,2003,All ages,Both,All causes,"DALYs per 100,000",27821.92981,25162.397,30659.91736
Argentina,2004,All ages,Both,All causes,"DALYs per 100,000",27463.08377,24917.13849,30297.33837
Argentina,2005,All ages,Both,All causes,"DALYs per 100,000",27173.26598,24408.92649,30246.06626
Argentina,2006,All ages,Both,All causes,"DALYs per 100,000",27031.3615,24236.34168,30073.267
Argentina,2007,All ages,Both,All causes,"DALYs per 100,000",27053.64628,24300.30688,29911.77084
Argentina,2008,All ages,Both,All causes,"DALYs per 100,000",26860.34583,24074.70393,29702.45782
Argentina,2009,All ages,Both,All causes,"DALYs per 100,000",26767.46277,23804.92396,29572.65114
Argentina,2010,All ages,Both,All causes,"DALYs per 100,000",26600.37115,23805.4187,29791.48055
Argentina,2011,All ages,Both,All causes,"DALYs per 100,000",26476.02358,23617.76269,29310.99294
Argentina,2012,All ages,Both,All causes,"DALYs per 100,000",26408.68936,23575.9432,29193.06566
Argentina,2013,All ages,Both,All causes,"DALYs per 100,000",26352.02359,23556.20913,29054.25953
Argentina,2014,All ages,Both,All causes,"DALYs per 100,000",26173.59496,23457.29673,28837.49972
Argentina,2015,All ages,Both,All causes,"DALYs per 100,000",26121.36525,23333.27876,28906.48739
Argentina,2016,All ages,Both,All causes,"DALYs per 100,000",26031.48306,23044.59682,29223.78723
United States,1990,All ages,Both,All causes,"DALYs per 100,000",30043.31413,26869.62477,33504.17072
United States,1991,All ages,Both,All causes,"DALYs per 100,000",29852.33741,26585.82237,32990.77004
United States,1992,All ages,Both,All causes,"DALYs per 100,000",29659.57142,26396.51297,32782.36547
United States,1993,All ages,Both,All causes,"DALYs per 100,000",29681.31193,26372.28587,32781.53653
United States,1994,All ages,Both,All causes,"DALYs per 100,000",29632.66344,26327.06671,32742.04785
United States,1995,All ages,Both,All causes,"DALYs per 100,000",29502.95762,26347.68421,33043.88233
United States,1996,All ages,Both,All causes,"DALYs per 100,000",29007.86209,25744.4413,32075.41654
United States,1997,All ages,Both,All causes,"DALYs per 100,000",28491.29667,25256.86862,31575.57615
United States,1998,All ages,Both,All causes,"DALYs per 100,000",28359.27197,25126.45775,31453.28675
United States,1999,All ages,Both,All causes,"DALYs per 100,000",28364.04781,25102.66394,31468.08789
United States,2000,All ages,Both,All causes,"DALYs per 100,000",28317.34043,25137.13297,31912.42778
United States,2001,All ages,Both,All causes,"DALYs per 100,000",28320.2548,24979.36739,31485.68571
United States,2002,All ages,Both,All causes,"DALYs per 100,000",28281.52027,24934.30106,31421.53929
United States,2003,All ages,Both,All causes,"DALYs per 100,000",28250.27736,24930.95383,31368.20325
United States,2004,All ages,Both,All causes,"DALYs per 100,000",28144.31217,24804.07871,31256.67697
United States,2005,All ages,Both,All causes,"DALYs per 100,000",28128.67232,24872.03054,31793.14369
United States,2006,All ages,Both,All causes,"DALYs per 100,000",27968.42347,24717.89154,31632.52725
United States,2007,All ages,Both,All causes,"DALYs per 100,000",27864.67649,24494.59926,30942.43436
United States,2008,All ages,Both,All causes,"DALYs per 100,000",27747.29677,24376.97169,30869.53846
United States,2009,All ages,Both,All causes,"DALYs per 100,000",27628.43498,24240.55266,30757.17838
United States,2010,All ages,Both,All causes,"DALYs per 100,000",27589.65174,24339.43455,31291.0194
United States,2011,All ages,Both,All causes,"DALYs per 100,000",27678.59041,24294.80395,30874.18908
United States,2012,All ages,Both,All causes,"DALYs per 100,000",27807.34126,24406.86097,31008.39487
United States,2013,All ages,Both,All causes,"DALYs per 100,000",28015.33635,24623.98421,31218.27434
United States,2014,All ages,Both,All causes,"DALYs per 100,000",28219.67572,24857.88177,31464.77061
United States,2015,All ages,Both,All causes,"DALYs per 100,000",28487.85163,25197.26127,31767.06594
United States,2016,All ages,Both,All causes,"DALYs per 100,000",28672.90531,25312.00498,32439.40355
Cuba,1990,All ages,Both,All causes,"DALYs per 100,000",26584.7227,23778.70294,29696.00974
Cuba,1991,All ages,Both,All causes,"DALYs per 100,000",26417.88686,23699.60642,28885.00555
Cuba,1992,All ages,Both,All causes,"DALYs per 100,000",26349.14978,23550.5837,28964.69528
Cuba,1993,All ages,Both,All causes,"DALYs per 100,000",26419.12622,23524.37937,29075.40188
Cuba,1994,All ages,Both,All causes,"DALYs per 100,000",26444.82813,23483.85313,29164.81832
Cuba,1995,All ages,Both,All causes,"DALYs per 100,000",26340.85638,23535.59164,29555.50403
Cuba,1996,All ages,Both,All causes,"DALYs per 100,000",26138.00164,23240.27455,28747.46011
Cuba,1997,All ages,Both,All causes,"DALYs per 100,000",25996.36178,23075.17905,28563.56248
Cuba,1998,All ages,Both,All causes,"DALYs per 100,000",25724.50766,22935.71733,28339.70635
Cuba,1999,All ages,Both,All causes,"DALYs per 100,000",25511.11604,22717.00777,28131.20847
Cuba,2000,All ages,Both,All causes,"DALYs per 100,000",25265.0458,22381.60925,28505.96498
Cuba,2001,All ages,Both,All causes,"DALYs per 100,000",25056.71046,22167.57048,27756.48791
Cuba,2002,All ages,Both,All causes,"DALYs per 100,000",24894.39389,21983.59172,27505.30474
Cuba,2003,All ages,Both,All causes,"DALYs per 100,000",24826.11637,21864.07138,27431.75184
Cuba,2004,All ages,Both,All causes,"DALYs per 100,000",24846.43204,21916.09311,27540.36031
Cuba,2005,All ages,Both,All causes,"DALYs per 100,000",24871.88903,22036.32567,28163.12282
Cuba,2006,All ages,Both,All causes,"DALYs per 100,000",24890.89059,22032.69069,28201.75001
Cuba,2007,All ages,Both,All causes,"DALYs per 100,000",25032.01231,22159.96853,27708.37682
Cuba,2008,All ages,Both,All causes,"DALYs per 100,000",25233.74098,22400.57343,27886.13655
Cuba,2009,All ages,Both,All causes,"DALYs per 100,000",25411.94824,22634.0814,28144.53941
Cuba,2010,All ages,Both,All causes,"DALYs per 100,000",25572.32295,22515.63891,29046.39844
Cuba,2011,All ages,Both,All causes,"DALYs per 100,000",25705.58652,22778.1553,28455.88969
Cuba,2012,All ages,Both,All causes,"DALYs per 100,000",25897.2987,22918.78784,28698.18083
Cuba,2013,All ages,Both,All causes,"DALYs per 100,000",26131.57188,23077.86505,29078.45751
Cuba,2014,All ages,Both,All causes,"DALYs per 100,000",26379.86835,23235.85815,29369.5832
Cuba,2015,All ages,Both,All causes,"DALYs per 100,000",26601.95356,23554.92052,29582.86664
Cuba,2016,All ages,Both,All causes,"DALYs per 100,000",26840.41293,23433.09575,30531.90872
Peru,1990,All ages,Both,All causes,"DALYs per 100,000",39826.73634,36894.55722,42959.98734
Peru,1991,All ages,Both,All causes,"DALYs per 100,000",39447.20448,36707.19916,42371.9191
Peru,1992,All ages,Both,All causes,"DALYs per 100,000",37227.07578,34876.217,39902.34881
Peru,1993,All ages,Both,All causes,"DALYs per 100,000",35821.13841,33725.79103,38754.46222
Peru,1994,All ages,Both,All causes,"DALYs per 100,000",34216.11694,31843.75822,37382.03031
Peru,1995,All ages,Both,All causes,"DALYs per 100,000",32742.85559,30148.73493,35860.93792
Peru,1996,All ages,Both,All causes,"DALYs per 100,000",31187.43835,28840.16994,34124.18396
Peru,1997,All ages,Both,All causes,"DALYs per 100,000",29787.75869,27516.29659,32555.97828
Peru,1998,All ages,Both,All causes,"DALYs per 100,000",28444.5405,26066.96908,30963.9325
Peru,1999,All ages,Both,All causes,"DALYs per 100,000",26926.08144,24694.7918,29368.58976
Peru,2000,All ages,Both,All causes,"DALYs per 100,000",25778.8403,23182.46971,28627.42902
Peru,2001,All ages,Both,All causes,"DALYs per 100,000",24945.75711,22755.89177,27411.69516
Peru,2002,All ages,Both,All causes,"DALYs per 100,000",24199.89869,22018.13802,26865.76589
Peru,2003,All ages,Both,All causes,"DALYs per 100,000",23693.41996,21265.68485,26471.72619
Peru,2004,All ages,Both,All causes,"DALYs per 100,000",23252.69773,20838.29827,26096.33836
Peru,2005,All ages,Both,All causes,"DALYs per 100,000",22812.1206,20249.92684,25755.30599
Peru,2006,All ages,Both,All causes,"DALYs per 100,000",22408.11586,19856.36246,25295.17548
Peru,2007,All ages,Both,All causes,"DALYs per 100,000",22284.35699,19759.93028,24601.33411
Peru,2008,All ages,Both,All causes,"DALYs per 100,000",22028.90729,19517.87003,24309.25946
Peru,2009,All ages,Both,All causes,"DALYs per 100,000",22092.94392,19457.54504,24374.82979
Peru,2010,All ages,Both,All causes,"DALYs per 100,000",21967.81127,19377.0895,24876.35215
Peru,2011,All ages,Both,All causes,"DALYs per 100,000",21823.45229,18948.95434,24348.20523
Peru,2012,All ages,Both,All causes,"DALYs per 100,000",21543.36687,18702.33919,24116.68121
Peru,2013,All ages,Both,All causes,"DALYs per 100,000",21204.25073,18265.67371,23776.7782
Peru,2014,All ages,Both,All causes,"DALYs per 100,000",20836.10915,17975.39393,23659.29859
Peru,2015,All ages,Both,All causes,"DALYs per 100,000",20601.66995,17701.6705,23760.52532
Peru,2016,All ages,Both,All causes,"DALYs per 100,000",20300.5897,17270.55483,23675.46409
Mexico,1990,All ages,Both,All causes,"DALYs per 100,000",30800.16336,28682.08917,33179.34056
Mexico,1991,All ages,Both,All causes,"DALYs per 100,000",29936.48403,27907.31378,32132.03178
Mexico,1992,All ages,Both,All causes,"DALYs per 100,000",29284.11497,27186.73719,31489.30803
Mexico,1993,All ages,Both,All causes,"DALYs per 100,000",28638.81963,26541.65982,30799.03889
Mexico,1994,All ages,Both,All causes,"DALYs per 100,000",27928.19598,25826.68617,30019.47667
Mexico,1995,All ages,Both,All causes,"DALYs per 100,000",27397.19546,25153.08334,29766.208
Mexico,1996,All ages,Both,All causes,"DALYs per 100,000",26693.68188,24583.24741,28724.09435
Mexico,1997,All ages,Both,All causes,"DALYs per 100,000",26178.63373,24050.02766,28164.66088
Mexico,1998,All ages,Both,All causes,"DALYs per 100,000",25726.8973,23600.34777,27741.72644
Mexico,1999,All ages,Both,All causes,"DALYs per 100,000",25073.22885,22962.87912,27068.51119
Mexico,2000,All ages,Both,All causes,"DALYs per 100,000",24434.79,22213.9698,26971.46334
Mexico,2001,All ages,Both,All causes,"DALYs per 100,000",23999.05096,21924.53223,26048.2672
Mexico,2002,All ages,Both,All causes,"DALYs per 100,000",23788.28693,21687.00915,25875.25827
Mexico,2003,All ages,Both,All causes,"DALYs per 100,000",23612.86215,21488.75318,25699.99942
Mexico,2004,All ages,Both,All causes,"DALYs per 100,000",23264.00791,21093.75218,25346.7582
Mexico,2005,All ages,Both,All causes,"DALYs per 100,000",23202.95713,20951.66513,25784.81595
Mexico,2006,All ages,Both,All causes,"DALYs per 100,000",22991.87307,20751.13875,25570.10098
Mexico,2007,All ages,Both,All causes,"DALYs per 100,000",22856.04914,20557.42426,25006.18453
Mexico,2008,All ages,Both,All causes,"DALYs per 100,000",23177.00998,20936.87702,25351.72897
Mexico,2009,All ages,Both,All causes,"DALYs per 100,000",23440.23743,21220.23649,25656.74993
Mexico,2010,All ages,Both,All causes,"DALYs per 100,000",23503.56478,21177.80928,26175.4838
Mexico,2011,All ages,Both,All causes,"DALYs per 100,000",23328.03505,21101.38405,25465.56333
Mexico,2012,All ages,Both,All causes,"DALYs per 100,000",23207.70877,20982.02622,25318.50634
Mexico,2013,All ages,Both,All causes,"DALYs per 100,000",23291.67771,21083.34875,25379.6317
Mexico,2014,All ages,Both,All causes,"DALYs per 100,000",23281.60992,21051.54844,25362.54625
Mexico,2015,All ages,Both,All causes,"DALYs per 100,000",23134.03228,20857.14302,25234.80169
Mexico,2016,All ages,Both,All causes,"DALYs per 100,000",23057.72174,20647.09287,25964.67975
Brazil,1990,All ages,Both,All causes,"DALYs per 100,000",34515.87817,31926.36892,37405.12764
Brazil,1991,All ages,Both,All causes,"DALYs per 100,000",33722.93326,31096.59001,36154.72111
Brazil,1992,All ages,Both,All causes,"DALYs per 100,000",33173.08707,30570.736,35642.14657
Brazil,1993,All ages,Both,All causes,"DALYs per 100,000",32617.54204,30079.53738,35168.32975
Brazil,1994,All ages,Both,All causes,"DALYs per 100,000",32100.60467,29615.28461,34715.11359
Brazil,1995,All ages,Both,All causes,"DALYs per 100,000",31559.21796,28931.95781,34481.92065
Brazil,1996,All ages,Both,All causes,"DALYs per 100,000",31038.35956,28533.92117,33564.21674
Brazil,1997,All ages,Both,All causes,"DALYs per 100,000",30544.19806,28057.85086,33077.4998
Brazil,1998,All ages,Both,All causes,"DALYs per 100,000",30146.29491,27711.97701,32735.75079
Brazil,1999,All ages,Both,All causes,"DALYs per 100,000",29807.55324,27383.56534,32425.87046
Brazil,2000,All ages,Both,All causes,"DALYs per 100,000",29376.79765,26763.37255,32434.43628
Brazil,2001,All ages,Both,All causes,"DALYs per 100,000",28906.34261,26427.09005,31564.58622
Brazil,2002,All ages,Both,All causes,"DALYs per 100,000",28628.51744,26076.56599,31318.83373
Brazil,2003,All ages,Both,All causes,"DALYs per 100,000",28426.85707,25821.68228,31002.56782
Brazil,2004,All ages,Both,All causes,"DALYs per 100,000",28227.67203,25563.26005,30781.67434
Brazil,2005,All ages,Both,All causes,"DALYs per 100,000",28019.6661,25274.00534,31187.119
Brazil,2006,All ages,Both,All causes,"DALYs per 100,000",27785.51584,25055.52758,30934.53291
Brazil,2007,All ages,Both,All causes,"DALYs per 100,000",27623.51015,25005.72918,30285.05321
Brazil,2008,All ages,Both,All causes,"DALYs per 100,000",27467.46899,24867.00361,30159.6197
Brazil,2009,All ages,Both,All causes,"DALYs per 100,000",27381.01451,24730.18201,30026.88334
Brazil,2010,All ages,Both,All causes,"DALYs per 100,000",27278.62348,24411.59138,30416.26221
Brazil,2011,All ages,Both,All causes,"DALYs per 100,000",27232.8508,24496.57391,29906.51066
Brazil,2012,All ages,Both,All causes,"DALYs per 100,000",27165.72271,24474.6204,29885.59377
Brazil,2013,All ages,Both,All causes,"DALYs per 100,000",27120.81049,24389.9738,29859.77606
Brazil,2014,All ages,Both,All causes,"DALYs per 100,000",27132.70057,24392.66772,29863.51072
Brazil,2015,All ages,Both,All causes,"DALYs per 100,000",27163.24618,24473.47418,29873.45157
Brazil,2016,All ages,Both,All causes,"DALYs per 100,000",27210.3073,24214.59727,30422.76511
Egypt,1990,All ages,Both,All causes,"DALYs per 100,000",48366.3375,44443.3734,52396.32478
Egypt,1991,All ages,Both,All causes,"DALYs per 100,000",47012.77227,43730.97111,51096.36527
Egypt,1992,All ages,Both,All causes,"DALYs per 100,000",44838.15975,40685.91976,49131.88054
Egypt,1993,All ages,Both,All causes,"DALYs per 100,000",42511.53427,38683.41676,45927.27065
Egypt,1994,All ages,Both,All causes,"DALYs per 100,000",40861.5903,37594.96496,43990.54457
Egypt,1995,All ages,Both,All causes,"DALYs per 100,000",38828.29072,35642.13915,42302.21275
Egypt,1996,All ages,Both,All causes,"DALYs per 100,000",37149.6131,33661.92892,40332.54534
Egypt,1997,All ages,Both,All causes,"DALYs per 100,000",35900.13017,32328.54704,39056.40878
Egypt,1998,All ages,Both,All causes,"DALYs per 100,000",34770.92901,31181.84729,38378.78537
Egypt,1999,All ages,Both,All causes,"DALYs per 100,000",34044.94179,30468.91142,37461.61852
Egypt,2000,All ages,Both,All causes,"DALYs per 100,000",33149.57609,29742.30496,36577.20576
Egypt,2001,All ages,Both,All causes,"DALYs per 100,000",32992.09143,29552.35974,36090.53009
Egypt,2002,All ages,Both,All causes,"DALYs per 100,000",32634.0831,29411.64924,36089.8659
Egypt,2003,All ages,Both,All causes,"DALYs per 100,000",32337.24372,28599.60476,36209.41597
Egypt,2004,All ages,Both,All causes,"DALYs per 100,000",32013.70181,28067.83736,35866.49928
Egypt,2005,All ages,Both,All causes,"DALYs per 100,000",31720.42542,28389.16554,35340.84782
Egypt,2006,All ages,Both,All causes,"DALYs per 100,000",31650.51607,28392.31944,35183.36693
Egypt,2007,All ages,Both,All causes,"DALYs per 100,000",31280.97646,27842.094,34904.10064
Egypt,2008,All ages,Both,All causes,"DALYs per 100,000",31202.23764,27411.26377,34335.96117
Egypt,2009,All ages,Both,All causes,"DALYs per 100,000",31258.43133,27326.28377,34424.23799
Egypt,2010,All ages,Both,All causes,"DALYs per 100,000",31035.53117,27694.89933,34515.18905
Egypt,2011,All ages,Both,All causes,"DALYs per 100,000",30417.36413,26831.39407,33704.66586
Egypt,2012,All ages,Both,All causes,"DALYs per 100,000",29994.72024,26792.34291,33204.48327
Egypt,2013,All ages,Both,All causes,"DALYs per 100,000",29178.69109,26064.31835,32428.46202
Egypt,2014,All ages,Both,All causes,"DALYs per 100,000",28673.50436,25422.72776,31999.52365
Egypt,2015,All ages,Both,All causes,"DALYs per 100,000",28363.05507,24775.57119,31822.50574
Egypt,2016,All ages,Both,All causes,"DALYs per 100,000",27762.94473,24035.21834,31540.18699
India,1990,All ages,Both,All causes,"DALYs per 100,000",62220.57964,59049.55895,65458.59302
India,1991,All ages,Both,All causes,"DALYs per 100,000",60669.65643,57568.42638,63312.76011
India,1992,All ages,Both,All causes,"DALYs per 100,000",59264.87162,56160.84217,61801.30338
India,1993,All ages,Both,All causes,"DALYs per 100,000",57927.4114,54981.27594,60472.08429
India,1994,All ages,Both,All causes,"DALYs per 100,000",56627.45786,53687.74979,59245.89523
India,1995,All ages,Both,All causes,"DALYs per 100,000",55458.61664,52396.22306,58628.19144
India,1996,All ages,Both,All causes,"DALYs per 100,000",54335.24431,51421.64076,57059.9823
India,1997,All ages,Both,All causes,"DALYs per 100,000",53360.40749,50472.01313,56031.75572
India,1998,All ages,Both,All causes,"DALYs per 100,000",52320.1942,49520.87837,54982.49408
India,1999,All ages,Both,All causes,"DALYs per 100,000",51322.79061,48509.0281,54016.93249
India,2000,All ages,Both,All causes,"DALYs per 100,000",50351.26306,47493.60598,53530.15242
India,2001,All ages,Both,All causes,"DALYs per 100,000",49429.27018,46591.98331,52107.30623
India,2002,All ages,Both,All causes,"DALYs per 100,000",48388.08413,45580.70077,51111.08752
India,2003,All ages,Both,All causes,"DALYs per 100,000",47385.00324,44548.24116,50108.51054
India,2004,All ages,Both,All causes,"DALYs per 100,000",46470.55908,43602.75132,49142.63852
India,2005,All ages,Both,All causes,"DALYs per 100,000",45445.10648,42517.7572,48610.56968
India,2006,All ages,Both,All causes,"DALYs per 100,000",44392.69918,41443.67611,47538.26964
India,2007,All ages,Both,All causes,"DALYs per 100,000",43375.52848,40486.65295,46098.39357
India,2008,All ages,Both,All causes,"DALYs per 100,000",42365.1012,39462.10884,45098.67465
India,2009,All ages,Both,All causes,"DALYs per 100,000",41347.93216,38447.94114,44043.13007
India,2010,All ages,Both,All causes,"DALYs per 100,000",40389.14514,37470.24562,43602.44592
India,2011,All ages,Both,All causes,"DALYs per 100,000",39542.86326,36610.68325,42269.83516
India,2012,All ages,Both,All causes,"DALYs per 100,000",38653.57516,35737.50015,41429.07908
India,2013,All ages,Both,All causes,"DALYs per 100,000",37844.12817,34943.41993,40635.8023
India,2014,All ages,Both,All causes,"DALYs per 100,000",36948.38177,34053.93052,39763.44952
India,2015,All ages,Both,All causes,"DALYs per 100,000",36197.80688,33356.23907,39049.25165
India,2016,All ages,Both,All causes,"DALYs per 100,000",35434.9238,32539.74208,38774.96861
Angola,1990,All ages,Both,All causes,"DALYs per 100,000",111975.1682,99745.97903,124927.6402
Angola,1991,All ages,Both,All causes,"DALYs per 100,000",109029.798,97779.89459,120397.0936
Angola,1992,All ages,Both,All causes,"DALYs per 100,000",107219.8793,95678.63827,118403.9506
Angola,1993,All ages,Both,All causes,"DALYs per 100,000",110852.5704,99629.6546,124046.4638
Angola,1994,All ages,Both,All causes,"DALYs per 100,000",104070.0608,92782.59416,115165.9837
Angola,1995,All ages,Both,All causes,"DALYs per 100,000",99715.70403,88323.63711,112214.6121
Angola,1996,All ages,Both,All causes,"DALYs per 100,000",97375.697,86706.24508,108592.8515
Angola,1997,All ages,Both,All causes,"DALYs per 100,000",95743.7406,84163.98616,107703.5841
Angola,1998,All ages,Both,All causes,"DALYs per 100,000",94875.31628,82406.29462,106805.1587
Angola,1999,All ages,Both,All causes,"DALYs per 100,000",94355.3749,83444.98165,105164.0867
Angola,2000,All ages,Both,All causes,"DALYs per 100,000",92689.14243,82594.62508,103750.7821
Angola,2001,All ages,Both,All causes,"DALYs per 100,000",91239.62906,82924.09902,101407.0273
Angola,2002,All ages,Both,All causes,"DALYs per 100,000",87541.73823,79060.4746,96554.10431
Angola,2003,All ages,Both,All causes,"DALYs per 100,000",84209.62125,77310.07407,93780.28936
Angola,2004,All ages,Both,All causes,"DALYs per 100,000",80879.46922,74155.19126,89473.13309
Angola,2005,All ages,Both,All causes,"DALYs per 100,000",77345.5233,68884.19586,86626.21108
Angola,2006,All ages,Both,All causes,"DALYs per 100,000",75252.27026,67019.83887,84046.10332
Angola,2007,All ages,Both,All causes,"DALYs per 100,000",71207.93683,63578.97322,78671.87893
Angola,2008,All ages,Both,All causes,"DALYs per 100,000",68110.58355,60957.5723,75517.68368
Angola,2009,All ages,Both,All causes,"DALYs per 100,000",65384.24167,59119.35769,72341.91732
Angola,2010,All ages,Both,All causes,"DALYs per 100,000",62257.77072,54298.20211,71109.90407
Angola,2011,All ages,Both,All causes,"DALYs per 100,000",58745.92136,48940.0959,67255.17283
Angola,2012,All ages,Both,All causes,"DALYs per 100,000",55166.43742,45591.1337,63210.45985
Angola,2013,All ages,Both,All causes,"DALYs per 100,000",51833.77933,42646.60407,61234.71712
Angola,2014,All ages,Both,All causes,"DALYs per 100,000",48746.02157,40189.3613,58786.8277
Angola,2015,All ages,Both,All causes,"DALYs per 100,000",46136.60418,37788.35197,56060.50987
Angola,2016,All ages,Both,All causes,"DALYs per 100,000",43628.00642,35419.37163,53251.2762
Kenya,1990,All ages,Both,All causes,"DALYs per 100,000",57936.85236,55454.00956,60721.56685
Kenya,1991,All ages,Both,All causes,"DALYs per 100,000",58537.72471,56207.98802,60981.77493
Kenya,1992,All ages,Both,All causes,"DALYs per 100,000",59587.35735,57101.90832,62176.21109
Kenya,1993,All ages,Both,All causes,"DALYs per 100,000",60983.20395,58394.50708,63778.84102
Kenya,1994,All ages,Both,All causes,"DALYs per 100,000",62563.66914,60017.83612,65327.50444
Kenya,1995,All ages,Both,All causes,"DALYs per 100,000",64181.45454,61233.06421,67248.17768
Kenya,1996,All ages,Both,All causes,"DALYs per 100,000",65179.65662,62428.88471,68103.47921
Kenya,1997,All ages,Both,All causes,"DALYs per 100,000",66234.94525,63546.37521,69017.70308
Kenya,1998,All ages,Both,All causes,"DALYs per 100,000",67054.19624,64348.22804,69684.54754
Kenya,1999,All ages,Both,All causes,"DALYs per 100,000",66571.93858,63761.92778,69237.90505
Kenya,2000,All ages,Both,All causes,"DALYs per 100,000",66274.95545,63232.97832,69416.24684
Kenya,2001,All ages,Both,All causes,"DALYs per 100,000",65146.02543,62411.37093,68004.38871
Kenya,2002,All ages,Both,All causes,"DALYs per 100,000",63995.47489,61411.96379,66883.86904
Kenya,2003,All ages,Both,All causes,"DALYs per 100,000",62622.5248,60077.52565,65484.52197
Kenya,2004,All ages,Both,All causes,"DALYs per 100,000",60861.77447,58442.9528,63562.24079
Kenya,2005,All ages,Both,All causes,"DALYs per 100,000",58527.22042,55774.19726,61477.76202
Kenya,2006,All ages,Both,All causes,"DALYs per 100,000",55756.29451,53164.12417,58614.00605
Kenya,2007,All ages,Both,All causes,"DALYs per 100,000",52875.07514,50596.54395,55335.77374
Kenya,2008,All ages,Both,All causes,"DALYs per 100,000",50172.58184,47914.9853,52575.02628
Kenya,2009,All ages,Both,All causes,"DALYs per 100,000",47839.76945,45482.64781,50203.8044
Kenya,2010,All ages,Both,All causes,"DALYs per 100,000",45490.16307,42922.04986,48323.09474
Kenya,2011,All ages,Both,All causes,"DALYs per 100,000",43159.96408,40681.67136,45601.32868
Kenya,2012,All ages,Both,All causes,"DALYs per 100,000",41251.08527,38792.23096,43720.5154
Kenya,2013,All ages,Both,All causes,"DALYs per 100,000",39731.01577,37312.07026,42297.85612
Kenya,2014,All ages,Both,All causes,"DALYs per 100,000",38100.98528,35683.47896,40727.66022
Kenya,2015,All ages,Both,All causes,"DALYs per 100,000",36811.94799,34413.87892,39392.28188
Kenya,2016,All ages,Both,All causes,"DALYs per 100,000",35730.4079,33344.81983,38626.51742
South Africa,1990,All ages,Both,All causes,"DALYs per 100,000",47254.74496,44051.26545,50826.99133
South Africa,1991,All ages,Both,All causes,"DALYs per 100,000",46268.33765,43250.60898,49337.80767
South Africa,1992,All ages,Both,All causes,"DALYs per 100,000",46180.30441,43217.91376,49049.53847
South Africa,1993,All ages,Both,All causes,"DALYs per 100,000",45189.36349,42343.79933,48162.7226
South Africa,1994,All ages,Both,All causes,"DALYs per 100,000",45534.94738,42908.96058,48654.37719
South Africa,1995,All ages,Both,All causes,"DALYs per 100,000",46217.42246,42876.57054,49510.05372
South Africa,1996,All ages,Both,All causes,"DALYs per 100,000",48454.92382,45447.96333,52149.10811
South Africa,1997,All ages,Both,All causes,"DALYs per 100,000",51968.49383,48921.52742,56144.276
South Africa,1998,All ages,Both,All causes,"DALYs per 100,000",55616.92904,52254.79654,59892.39581
South Africa,1999,All ages,Both,All causes,"DALYs per 100,000",60338.03008,56527.14321,64867.36755
South Africa,2000,All ages,Both,All causes,"DALYs per 100,000",66600.99614,62110.64412,71267.15186
South Africa,2001,All ages,Both,All causes,"DALYs per 100,000",70098.20679,65785.73256,75119.08673
South Africa,2002,All ages,Both,All causes,"DALYs per 100,000",74220.16004,70035.62973,79320.33144
South Africa,2003,All ages,Both,All causes,"DALYs per 100,000",77866.74611,73319.48159,83110.72746
South Africa,2004,All ages,Both,All causes,"DALYs per 100,000",80530.15141,76329.59192,85616.25422
South Africa,2005,All ages,Both,All causes,"DALYs per 100,000",82143.24506,76788.10733,87927.15745
South Africa,2006,All ages,Both,All causes,"DALYs per 100,000",82492.75032,77080.83296,88189.86995
South Africa,2007,All ages,Both,All causes,"DALYs per 100,000",81101.25335,76400.14481,86360.15138
South Africa,2008,All ages,Both,All causes,"DALYs per 100,000",78916.87864,74366.654,84208.5353
South Africa,2009,All ages,Both,All causes,"DALYs per 100,000",75985.70544,71745.05324,80971.28711
South Africa,2010,All ages,Both,All causes,"DALYs per 100,000",72363.73055,67619.70963,77252.56613
South Africa,2011,All ages,Both,All causes,"DALYs per 100,000",67846.16821,64246.17531,71912.48465
South Africa,2012,All ages,Both,All causes,"DALYs per 100,000",62998.51101,59277.87912,66759.6505
South Africa,2013,All ages,Both,All causes,"DALYs per 100,000",58662.79197,54898.21017,62327.10156
South Africa,2014,All ages,Both,All causes,"DALYs per 100,000",55516.92929,51907.02478,59408.82041
South Africa,2015,All ages,Both,All causes,"DALYs per 100,000",53212.74874,49822.19959,57025.73843
South Africa,2016,All ages,Both,All causes,"DALYs per 100,000",52151.72406,48073.51961,56940.46502
Ghana,1990,All ages,Both,All causes,"DALYs per 100,000",68712.91023,63277.6615,74205.29014
Ghana,1991,All ages,Both,All causes,"DALYs per 100,000",67306.5999,61331.71378,73233.20618
Ghana,1992,All ages,Both,All causes,"DALYs per 100,000",65924.96159,59906.14198,71826.16326
Ghana,1993,All ages,Both,All causes,"DALYs per 100,000",64196.00823,58479.15477,70045.20132
Ghana,1994,All ages,Both,All causes,"DALYs per 100,000",63899.05468,58408.76702,69601.75381
Ghana,1995,All ages,Both,All causes,"DALYs per 100,000",62327.23292,56744.16949,68064.55121
Ghana,1996,All ages,Both,All causes,"DALYs per 100,000",61307.97165,55248.05838,66800.23653
Ghana,1997,All ages,Both,All causes,"DALYs per 100,000",61458.09366,55722.6239,66699.97954
Ghana,1998,All ages,Both,All causes,"DALYs per 100,000",60010.96364,54526.58522,64855.08049
Ghana,1999,All ages,Both,All causes,"DALYs per 100,000",59646.86994,54351.25243,64200.49767
Ghana,2000,All ages,Both,All causes,"DALYs per 100,000",59302.72533,53879.13615,64681.65164
Ghana,2001,All ages,Both,All causes,"DALYs per 100,000",59278.3282,54018.93491,64100.94008
Ghana,2002,All ages,Both,All causes,"DALYs per 100,000",58914.14076,53756.25804,63679.99484
Ghana,2003,All ages,Both,All causes,"DALYs per 100,000",58419.34987,53626.67375,63455.99934
Ghana,2004,All ages,Both,All causes,"DALYs per 100,000",57823.35178,53435.43272,62986.3281
Ghana,2005,All ages,Both,All causes,"DALYs per 100,000",57181.46786,52492.74988,62038.79764
Ghana,2006,All ages,Both,All causes,"DALYs per 100,000",56383.61266,51889.93532,61012.92036
Ghana,2007,All ages,Both,All causes,"DALYs per 100,000",55471.10524,51274.29443,59562.42683
Ghana,2008,All ages,Both,All causes,"DALYs per 100,000",54191.09469,49729.10135,58322.62964
Ghana,2009,All ages,Both,All causes,"DALYs per 100,000",53109.49367,48042.24,57435.25226
Ghana,2010,All ages,Both,All causes,"DALYs per 100,000",51949.64524,47645.34103,56403.27514
Ghana,2011,All ages,Both,All causes,"DALYs per 100,000",49800.71013,44796.77878,54488.12901
Ghana,2012,All ages,Both,All causes,"DALYs per 100,000",47377.69541,42598.36642,51671.94841
Ghana,2013,All ages,Both,All causes,"DALYs per 100,000",45304.87147,40618.46467,49318.15602
Ghana,2014,All ages,Both,All causes,"DALYs per 100,000",43585.06538,38900.02236,47643.74353
Ghana,2015,All ages,Both,All causes,"DALYs per 100,000",41886.54406,37347.71633,46091.16288
Ghana,2016,All ages,Both,All causes,"DALYs per 100,000",40267.79913,36164.34502,44794.35198
Taiwan,1990,All ages,Both,All causes,"DALYs per 100,000",23253.42776,20715.72215,26135.69242
Taiwan,1991,All ages,Both,All causes,"DALYs per 100,000",23001.91032,20582.746,25359.42417
Taiwan,1992,All ages,Both,All causes,"DALYs per 100,000",22990.43605,20639.09671,25381.25031
Taiwan,1993,All ages,Both,All causes,"DALYs per 100,000",23064.14699,20698.69638,25242.86972
Taiwan,1994,All ages,Both,All causes,"DALYs per 100,000",23234.38474,20867.20433,25572.2194
Taiwan,1995,All ages,Both,All causes,"DALYs per 100,000",23599.62178,21158.79851,26401.61339
Taiwan,1996,All ages,Both,All causes,"DALYs per 100,000",23642.91903,21136.88654,26213.56198
Taiwan,1997,All ages,Both,All causes,"DALYs per 100,000",23485.56348,20964.62475,25962.49091
Taiwan,1998,All ages,Both,All causes,"DALYs per 100,000",23435.97838,20697.98331,25850.39503
Taiwan,1999,All ages,Both,All causes,"DALYs per 100,000",23918.43931,21182.01518,26101.68814
Taiwan,2000,All ages,Both,All causes,"DALYs per 100,000",23270.67669,20642.62896,26165.27365
Taiwan,2001,All ages,Both,All causes,"DALYs per 100,000",23078.88088,20629.16427,25268.5262
Taiwan,2002,All ages,Both,All causes,"DALYs per 100,000",22936.99753,20420.07365,25302.627
Taiwan,2003,All ages,Both,All causes,"DALYs per 100,000",22923.19857,20454.20662,25627.52082
Taiwan,2004,All ages,Both,All causes,"DALYs per 100,000",23193.69342,20442.89641,25928.92571
Taiwan,2005,All ages,Both,All causes,"DALYs per 100,000",23403.99764,20837.71718,26374.78234
Taiwan,2006,All ages,Both,All causes,"DALYs per 100,000",23374.44798,20839.95057,26300.79314
Taiwan,2007,All ages,Both,All causes,"DALYs per 100,000",23402.74777,20874.56988,25954.80481
Taiwan,2008,All ages,Both,All causes,"DALYs per 100,000",23426.00872,20856.34543,26038.81762
Taiwan,2009,All ages,Both,All causes,"DALYs per 100,000",23565.23577,20800.41258,26348.93386
Taiwan,2010,All ages,Both,All causes,"DALYs per 100,000",23537.40181,20801.97834,26814.12531
Taiwan,2011,All ages,Both,All causes,"DALYs per 100,000",23803.06374,20872.9417,26649.27851
Taiwan,2012,All ages,Both,All causes,"DALYs per 100,000",23943.0562,21051.25045,26665.28922
Taiwan,2013,All ages,Both,All causes,"DALYs per 100,000",24039.34777,21231.91669,26731.77282
Taiwan,2014,All ages,Both,All causes,"DALYs per 100,000",24330.93341,21560.02775,27116.07667
Taiwan,2015,All ages,Both,All causes,"DALYs per 100,000",24615.15873,21567.06263,27966.78976
Taiwan,2016,All ages,Both,All causes,"DALYs per 100,000",24898.56153,21581.69584,28471.88755